"","Andorra","Armenia","Austria","Belarus","Belgium","Bulgaria","Croatia","Cyprus","Denmark","Estonia","Finland","France","Georgia","Germany","Greece","Hungary","Ireland","Italy","Kazakhstan","Kyrgyzstan","Latvia","Lithuania","Luxembourg","Malta","Netherlands","Norway","Poland","Portugal","Moldova","Romania","Russia","Serbia","Slovakia","Slovenia","Spain","Sweden","Switzerland","Tajikistan","Turkey","Ukraine","UK","Uzbekistan"
"1",0,0,0,0,0,0,0,0,0,0,0,0,0,0,0,0,0,0,0,0,0,0,0,0,0,0,0,0,0,0,0,0,0,0,0,0,0,0,0,0,0,0
"2",0,0,0,0,0,0,0,0,0,0,0,0,0,0,0,0,0,0,0,0,0,0,0,0,0,0,0,0,0,0,0,0,0,0,0,0,0,0,0,0,0,0
"3",0,0,0,0,0,0,0,0,0,0,0,0,0,0,0,0,0,0,0,0,0,0,0,0,0,0,0,0,0,0,0,0,0,0,0,0,0,0,0,0,0,0
"4",0,0,0,0,0,0,0,0,0,0,0,0,0,0,0,0,0,0,0,0,0,0,0,0,0,0,0,0,0,0,0,0,0,0,0,0,0,0,0,0,0,0
"5",0,0,0,0,0,0,0,0,0,0,0,0,0,0,0,0,0,0,0,0,0,0,0,0,0,0,0,0,0,0,0,0,0,0,0,0,0,0,0,0,0,0
"6",0,0,0,0,0,0,0,0,0,0,0,0,0,0,0,0,0,0,0,0,0,0,0,0,0,0,0,0,0,0,0,0,0,0,0,0,0,0,0,0,0,0
"7",0,0,0,0,0,0,0,0,0,0,0,0,0,0,0,0,0,0,0,0,0,0,0,0,0,0,0,0,51.1304347826081,0,0,0,0,0,0,0,0,0,0,0,0,0
"8",0,0,0,0,0,0,0,0,0,0,0,0,0,0,0,0,0,0,0,0,0,0,0,0,0,0,0,0,236.869565217391,0,0,0,0,0,0,0,0,0,0,0,0,0
"9",0,0,0,114.893617021276,0,0,0,0,0,0,0,0,0,0,0,0,0,0,0,120,0,0,0,0,0,0,0,0,243.826086956522,0,0,0,0,0,0,0,0,0,0,0,0,0
"10",0,0,0,240,0,0,0,0,0,0,37.5903614457824,0,0,0,0,0,0,0,0,240,0,0,0,0,0,0,0,0,386.086956521739,0,0,0,0,0,0,0,0,0,0,0,0,0
"11",0,0,0,240.283687943262,0,0,0,0,0,0,120,0,56.3333333333334,0,0,0,0,0,0,256.402877697842,0,0,0,0,0,0,0,0,480,0,120,0,0,0,0,0,0,0,0,0,0,0
"12",0,0,0,360,0,0,0,0,0,0,240,0,120,0,0,0,0,0,0,360,0,0,0,0,0,0,0,0,655.304347826088,0,240,0,0,0,0,0,0,0,0,58.7755102040816,0,93.298429319372
"13",0,0,0,480,0,0,0,0,0,0,244.578313253011,0,240,0,0,0,0,0,0,480,0,0,0,0,0,0,0,0,720,0,240,0,0,0,0,0,0,0,0,120,0,172.146596858639
"14",0,74.3362831858401,0,480,0,0,0,0,0,0,360,0,240,0,0,0,0,0,0,498.992805755397,0,0,0,0,0,0,0,0,960,0,311.345029239767,0,0,0,0,45.4545454545457,12.4050632911391,0,0,240,0,240
"15",0,120,0,720,0,0,0,0,0,0,480,0,353.333333333333,0,0,0,0,0,0,720,0,0,0,0,0,0,0,0,1009.56521739131,0,418.947368421054,0,0,0,0,120,103.291139240506,0,0,240,0,247.748691099476
"16",0,240,0,720,0,0,0,0,0,0,480,0,469.333333333331,0,0,0,0,0,0,758.848920863311,0,40.5283018867927,0,0,7.05882352941176,0,0,0,1200,0,480,0,0,0,25.970149253731,223.896103896104,148.354430379746,0,0,304.489795918366,0,360
"17",0,240,0,960,0,0,0,0,24.8421052631578,0,571.807228915662,0,480,0,0,0,0,0,71.5636363636368,960,0,120,29.3661971830995,0,86.2500000000001,0,0,0,1440,0,480,0,0,0,106.343283582089,240,240,0,0,376.530612244896,0,474.345549738219
"18",0,263.716814159291,28.1063122923586,960,0,0,0,0,100.421052631579,0,720,63.2764505119452,480,0,0,0,0,0,120,989.352517985613,54.3050847457626,166.188679245284,105.211267605635,0,120,0,0,0,1680,0,694.736842105266,0,0,0,133.432835820894,240,240,63.2764505119452,7.05882352941147,480,0,480
"19",0,360,99.6677740863784,1125.10638297872,0,0,55.9485530546622,0,120,18.9375,730.843373493976,120,707.33333333333,0,0,0,0,0,216.436363636365,1200,120,240,122.11267605634,0,240,31.0410094637223,0,0,1920,0,720,0,0,10.9937888198754,240,322.251082251082,271.223628691983,120,77.4509803921564,480,0,480
"20",0,452.389380530971,120,1310.63829787234,0,0,120,0,240,86.2500000000001,960,180.614334470989,720,0,0,0,57.4311926605501,0,240,1398.56115107914,160.677966101694,240,240,0,240,98.9905362776025,65.5384615384615,0,2135.92173913044,0,838.596491228073,0,0,77.8881987577636,240,369.870129870129,360,180.614334470989,120,555.918367346935,0,670.994764397904
"21",0,480,240,1440,7.05882352941164,0,148.938906752411,0,240,120,960,240,825.999999999995,0,0,0,120,0,240,1477.9856115108,240,257.962264150944,240,0,240,120,120,0,2466.78260869566,17.7966101694913,960,0,36.1031518624642,120,245.223880597014,480,457.215189873417,240,196.470588235293,720,0,720
"22",0,480,240,1680,67.394957983193,0,240,0,240,201.75,1054.69879518072,240,960,0,0,0,138.34862385321,0,268.8,1680,240,344.301886792454,240,0,282.941176470588,229.779179810725,156.184615384615,0,2880,78.6440677966098,971.22807017544,0,97.8223495702005,183.35403726708,317.611940298506,480,480,240,240,720,59.9999999999997,762.094240837693
"23",30.1562500000001,544.247787610617,240,1867.23404255319,120,23.4715025906732,240,0,278.877192982456,240,1200,247.235494880546,960,0,54.1114058355444,26.8051948051955,240,0,360,1920,240,379.018867924531,285.915492957749,0,360,240,240,0,3312.00000000001,120,1114.38596491228,0,120,240,360,480,480,247.235494880546,240,855.306122448974,120,960
"24",86.2500000000002,720,264.983388704319,1940.99999999999,136.134453781512,79.2746113989633,240,0,360,240,1428.43373493976,312.491467576791,1072,0,111.246684350133,82.7532467532476,240,0,399.709090909093,2114.55971223022,296.542372881355,480,360,0,441.176470588236,240,240,0,3600,160.677966101694,1246.31578947369,48.7594936708865,202.521489971347,240,480,635.844155844154,522.53164556962,312.491467576791,246.274509803921,960,120,960
"25",120,720,345.382059800664,2316.59574468084,240,120,274.340836012861,0,418.947368421052,241.875,1450.60240963856,360,1200,16.0663507109007,120,120,240,40.7246376811598,480,2400,360,480,432.253521126764,31.3669064748193,480,252.492113564669,240,0,4205.21739130436,240,1440,103.291139240507,240,240,480,720,704.303797468354,360,306.405228758169,960,239.999999999999,1019.37172774869
"26",156.875,756.106194690263,361.196013289036,2543.82978723404,240,141.761658031087,360,1.35135135135085,480,293.5,1680,462.798634812286,1422.66666666666,67.1090047393367,211.034482758622,149.298701298703,261.77370030581,92.7536231884062,480,2676.25899280576,436.881355932202,480,480,83.0215827338121,480,315.583596214511,268.8,30.4147465437785,4839.65217391306,240,1533.56725146199,120,240,279.503105590062,480,720,720,462.798634812286,360,1057.34693877551,240,1184.29319371727
"27",240,946.725663716812,480,2880,240,240,380.064308681671,49.8648648648645,480,360,1846.98795180723,480,1440,118.151658767773,240,240,331.37614678899,120,480,2924.02877697842,480,549.283018867928,480,120,480,360,345.969230769231,80.0460829493086,5645.91304347827,240,1680,184.708860759494,240,360,500.149253731341,835.324675324672,720,480,441.176470588234,1200,240,1289.84293193717
"28",240,960,480,3189.78723404255,246.274509803921,240,480,98.3783783783781,480,409.5,1920,480,1667.55555555555,120,240,240,360,153.623188405798,546.327272727275,3360,480,711.849056603778,480,132.661870503595,594.705882352941,445.173501577287,360,120,6578.08695652176,255.819209039548,1894.0350877193,240,272.091690544413,386.086956521739,660.895522388058,960,889.620253164557,480,480,1354.28571428571,240,1440
"29",240,963.982300884956,480,3560.85106382978,292.997198879552,240,480,120,543.578947368421,480,2147.93855421687,480,1780.66666666666,200.47393364929,240,240,460.550458715595,240,702.981818181821,3600,480,720,559.014084507048,235.971223021581,720,480,480,120,8140.42434782614,312.768361581921,1920,240,346.475644699141,480,720,960,960,480,480,1440,280,1521.25654450262
"30",241.875,1059.29203539823,480,3885.95744680851,360,240,480,150.81081081081,694.736842105263,480,2400,570.921501706485,1920,240,262.705570291778,240,480,240,720,4075.6834532374,541.01694915254,720,710.704225352118,240,720,480,480,217.880184331797,10000,360,2159.25263157895,240,360,480,720,997.402597402595,960,570.921501706485,480,1591.83673469387,359.999999999999,1680
"31",279.270833333333,1200,596.810631229235,4311.48936170212,380.840336134454,273.264248704663,480,240,720,480,2650.12048192772,717.952218430035,2083.40333333331,240,321.591511936341,276.25974025974,480,240,720,4575.53956834531,687.050847457625,839.547169811325,720,240,720,480,480,240,10000,412.542372881356,2409.8245614035,246.987341772152,466.590257879656,480,783.134328358207,1101.2987012987,1017.46835443038,717.952218430035,524.313725490196,1680,360,1832.04188481675
"32",353.333333333333,1299.82300884956,720,4914.04255319148,480,340.932642487047,592.668810289387,240,720,480,2892.28915662651,720,2357.33333333331,240,360,347.116883116883,480,240,812.945454545457,5195.39568345322,720,960,720,240,868.235294117647,508.769716088328,480,240,10000,480,2683.50877192981,286.683544303797,480,480,943.880597014924,1200,1136.70886075949,720,665.098039215687,1873.46938775509,479.999999999999,1920
"33",360,1440,720,5603.40425531914,480,360,720,240,788.210526315789,602.625,3208.19277108435,720,2497.99999999999,242.938388625593,410.928381962867,360,507.522935779815,264.63768115942,960,5815.25179856113,720,960,805.77464788733,256.402877697841,960,644.668769716088,534.276923076926,240,10000,480,2896.84210526316,359.39240506329,480,575.031055900623,960,1354.28571428571,1200,720,720,1920,480,2118.51518324607
"34",454.375,1441.41592920354,720,6272.34042553189,480,434.611398963732,720,240,939.368421052631,720,3487.22891566266,799.044368600686,2834.66666666664,276.96682464455,480,444.467532467533,639.26605504587,318.647342995169,960,6675.10791366904,765.152542372879,963.622641509437,957.464788732401,301.678657074339,960,720,666.830769230773,244.976958525346,10000,480,3211.22807017542,360,480,708.819875776399,960,1440,1380.25316455696,799.044368600686,720,2129.13673469387,480,2377.38219895289
"35",480,1647.78761061947,809.302325581394,7273.44113475175,480,480,720,251.981981981982,960,720,3766.26506024098,946.075085324236,2928.33333333333,341.990521327015,480,480,720,360,960,8065.93381294958,911.186440677963,1044.90566037736,960,360,971.691176470589,720,720,278.064516129033,10000,480,3475.08771929823,457.215189873416,480.343839541547,720,1013.05970149254,1503.0303030303,1440,946.075085324236,727.450980392159,2400,480,2494.24083769634
"36",480,1702.30088495576,952.425249169434,8874.89361702125,504.201680672271,480,786.75241157556,288.648648648649,960,720,4165.30120481929,960,3311.99999999997,360,480,480,720,386.086956521739,1019.78181818182,9981.00719424449,960,1172.37735849057,960,360,1050.88235294118,720,720,342.304147465439,10000,541.016949152545,3738.94736842104,480,603.78223495702,720,1106.86567164179,1675.84415584415,1525.06329113924,960,868.23529411765,2512.65306122448,480,2799.58115183247
"37",480,1892.92035398231,960,10000,624.873949579834,480,925.273311897103,353.333333333333,996.421052631579,781.125,4564.3373493976,960,3550.66666666664,417.156398104266,480,480,720,480,1116.21818181818,10000,960,1214.94339622642,1006.26760563381,462.446043165464,1180.14705882353,828.264984227129,720,360,10000,662.711864406782,4122.80701754384,480,720,750.186335403729,1200,1740.25974025973,1680,960,960,2824.89795918365,599.999999999998,2912.67015706807
"38",480,1920,960,10000,720,480,960,360,1072,915.75,5083.37349397592,993.583617747443,3789.3333333333,480,502.281167108756,480,806.238532110089,480,1200,10000,974.644067796608,1377.50943396227,1084.22535211268,480,1218.52941176471,960,837.046153846159,411.981566820278,10000,720,4506.66666666664,480,720,883.975155279506,1308.35820895522,1920,1747.3417721519,993.583617747443,960,2916.12244897959,719.999999999998,3221.78010471205
"39",535.3125,2107.79203539824,990.897009966777,10000,720,512.642487046635,960,424.054054054055,1200,960,5654.93975903616,1067.09897610922,4147.99999999997,480,616.551724137934,523.948051948051,937.981651376144,480,1309.52727272728,10000,1047.66101694915,1440,1200,480,1376.91176470588,960,960,480,10000,720,5010.52631578945,480,720,960,1440,1920,1920,1067.09897610922,960,3224.08163265304,720,3432.87958115185
"40",647.5,2289.55752212391,1062.4584717608,10000,720,624.248704663215,970.418006430867,480,1246.31578947368,960,6242.8915662651,1200,4506.66666666663,480,720,635.844155844155,960,480,1440,10000,1161.35593220339,1470.18867924529,1267.60563380283,480,1440,960,960,480,10000,720,5592.514619883,522.531645569618,737.535816618911,960,1440,2124.40779220779,1920,1200,1015.68627450981,3423.67346938773,720,3643.97905759164
"41",720,2415.3982300885,1188.03986710963,10000,747.563025210088,720,1039.67845659164,480,1397.47368421053,960,7040.96385542173,1228.25938566554,4985.3333333333,480,720,720,960,480,1440,10000,1200,1643.47169811321,1419.2957746479,480,1458.23529411765,985.930599369085,960,480,10000,789.491525423732,6036.49122807011,631.594936708858,860.974212034384,960,1587.46268656717,2332.46753246752,2121.89367088607,1228.25938566554,1092.1568627451,3623.26530612242,720,3975.07853403143
"42",720,2606.01769911505,1211.16279069767,10000,868.235294117651,720,1137.87781350482,480,1440,1027.125,8306.75662650607,1375.29010238909,5525.33333333329,480,720,720,966.605504587155,530.434782608694,1572.65454545455,10000,1333.42372881356,1680,1440,498.992805755392,1634.70588235294,1053.88012618297,983.630769230773,480,10000,911.18644067797,6804.21052631572,720,960,1009.56521739131,1680,2432.72727272727,2308.86075949367,1375.29010238909,1200,3951.42857142856,839.999999999998,4313.08900523561
"43",720,2880,1354.28571428571,10000,960,720,1200,480,1466.38596491228,1108.875,9994.69879518079,1440,5942.66666666663,549.668246445499,720,720,1032.47706422018,634.492753623186,1680,10000,1440,1830.33962264152,1496.90140845072,602.302158273377,1680,1163.65930599369,1049.9076923077,480,10000,960,7999.13918128647,720,960,1076.45962732919,1752.08955223881,2619.22077922077,2416.20253164557,1440,1253.72549019608,4291.2244897959,959.999999999997,4757.27748691101
"44",736.25,2933.62831858408,1440,10000,960,720,1294.91961414791,480,1633.9649122807,1200,10000,1440,6661.33333333329,651.753554502371,827.904509283823,723.42857142857,1116.69724770642,720,1732.8,10000,1440,1920,1649.57746478874,705.611510791363,1808.82352941176,1200,1152.36923076924,527.557603686639,10000,960,9449.35672514605,720,960,1200,1912.83582089553,2880,2597.9746835443,1440,1394.50980392157,4702.0408163265,960,5208.37696335081
"45",848.4375,3235.7522123894,1440,10000,960,822.279792746118,1433.44051446945,526.216216216218,1680,1258.125,10000,1610.92150170649,7685.3999999999,720,942.175066313001,835.324675324674,1200,720,1889.45454545455,10000,1562.03389830508,1920,1680,720,1920,1315.45741324921,1200,626.820276497699,10000,960,10000,720,977.363896848137,1220.49689440994,1920,2936.10389610389,2880,1610.92150170649,1440,5141.63265306119,960,5692.98429319373
"46",960,3376.9911504425,1578.20598006644,10000,975.462184873952,933.886010362698,1440,623.243243243245,1793.26315789474,1392.75,10000,1680,8935.99999999988,720,960,947.220779220778,1260.18348623853,720,1920,10000,1678.37288135593,2130.90339622642,1817.74647887325,720,1920,1440,1297.47692307693,720,10000,998.98305084746,10000,816.911392405059,1039.08309455587,1354.28571428572,2042.27014925374,3237.40259740258,2920.75949367089,1680,1440,5640.81632653059,960,6221.15183246078
"47",960,3600,1680,10000,1035.79831932773,960,1480.64308681671,720,1920,1440,10000,1750.44368600683,10000,720,960,960,1391.92660550458,720,1990.34618181819,10000,1703.59322033898,2321.20754716983,1920,720,2118.80955882353,1440,1430.03076923078,720,10000,1059.83050847458,10000,925.9746835443,1121.60458452722,1440,2158.25149253731,3370.38961038959,3166.58227848101,1750.44368600683,1611.24183006536,6041.63265306116,1020,6883.35078534037
"48",960,3869.73451327435,1709.90033222591,10000,1112.26890756303,960,1632.66881028939,720,1920,1440,10000,1897.47440273039,10000,720,960,960,1440,794.78260869565,2145.59345454546,10000,1849.62711864406,2403.16981132076,1920,758.848920863305,2244.70588235294,1497.53943217666,1440,720,10000,1161.3559322034,10000,960,1200,1440,2400,3600,3360,1897.47440273039,1680,6700.40816326527,1080,7968.75811518332
"49",960,4160.70796460179,1853.02325581395,10000,1200,960,1680,720,2062.68210526315,1595.5,10000,1920,10000,802.180094786732,999.628647214856,960,1440,898.840579710142,2392.14545454546,10000,1920,2565.73584905661,2105.58380281692,862.15827338129,2400,1639.3690851735,1460.18461538463,720,10000,1200,10000,960,1248.48137535817,1540.8695652174,2476.56716417911,3858.18181818181,3600,1920,1738.43137254903,7685.39999999991,1200,9207.53926701581
"50",1004.6875,4421.94690265489,1920,10000,1233.61344537816,990.15544041451,1766.04501607717,720,2159.25263157895,1680,10000,1971.87645051196,10000,904.265402843604,1056.76392572945,997.402597402596,1582.874617737,960,2432.72727272728,10000,1920,2816.60377358492,2209.01408450706,960,2519.11764705882,1680,1618.46153846154,763.133640552999,10000,1284.74576271187,10000,960,1371.91977077364,1659.62732919255,2637.31343283582,4129.35064935063,3777.21518987341,1971.87645051196,1879.21568627452,8818.77551020397,1200,10000
"51",1060.78125,4803.18584070799,1920,10000,1354.28571428572,1045.9585492228,1904.56591639871,748.37837837838,2400,1705.875,10000,2138.19112627987,10000,960,1147.79840848807,1053.35064935065,1679.26605504587,960,2589.38181818182,10000,2120.14372881356,2885.43396226416,2400,960,2715,1770.85173501577,1680,862.396313364059,10000,1406.44067796611,10000,981.11392405063,1440,1680,2880,4382.33766233764,4020.75949367088,2138.19112627987,1920,10000,1320,10000
"52",1153.75,5184.42477876108,2118.24916943521,10000,1440,1123.52331606218,1920,845.405405405407,2460.21052631579,1840.5,10000,2331.19453924917,10000,960,1200,1138.5974025974,1690.64220183486,960,2852.07272727273,10000,2227.5254237288,3020.15094339624,2487.88732394367,960,2880,1906.75078864353,1732.80000000001,960,10000,1440,10000,1035.64556962025,1440,1797.01863354038,2919.40298507463,4755.32467532466,4292.15189873418,2331.19453924917,1921.29019607844,10000,1440,10000
"53",1200,5630.44247787612,2211.02990033222,10000,1440,1200,1955.54469453376,942.432432432433,2611.36842105263,1920,10000,2400,10000,960,1256.33952254642,1200,1822.38532110091,960,2891.34545454546,10000,2400,3312.00000000001,2639.57746478874,960,2937.13235294117,1920,1865.35384615386,960,10000,1440,10000,1100.35443037974,1522.97994269341,1920,3119.32835820896,5128.31168831167,4627.84810126582,2400,2125.0568627451,10000,1440,10000
"54",1258.125,5946.90265486727,2400,10000,1488.40336134455,1226.73575129534,2131.64565916399,960,2880,1920,10000,2539.65870307168,10000,960,1370.6100795756,1242.38961038961,1920,1009.5652173913,3029.01818181819,10000,2485.83050847457,3397.13207547171,2880,989.352517985609,3185.29411764705,1950.51293375395,1920,960,10000,1562.03389830509,10000,1200,1643.78223495702,1920,3360,5575.06493506491,4991.39240506329,2539.65870307168,2244.70588235296,10000,1440,10000
"55",1370.3125,6568.14159292037,2471.76079734219,10000,1624.64985994398,1338.34196891192,2277.29903536977,960,2896.84210526316,2058.796875,10000,2733.37883959047,10000,1007.34597156398,1440,1354.28571428571,1920,1061.59420289855,3312.00000000001,10000,2631.86440677966,3600,2911.47887323944,1041.0071942446,3360,2129.62902208202,1920,960,10000,1662.14689265537,10000,1200,1680,1983.14347826088,3522.08955223882,5874.28571428569,5379.91561181434,2733.37883959047,2400,10000,1600,10000
"56",1440,7178.76106194693,2614.88372093023,10000,1680,1440,2400,960,3037.26315789475,2152.545,10000,2880,10000,1058.38862559242,1440,1440,2014.77614678898,1147.24637681159,3385.3090909091,10000,2880,3807.3962264151,3081.97183098593,1105.32374100719,3578.82352941175,2260.69400630916,2089.46030769232,979.35483870968,10000,1680,10000,1307.54430379747,1752.55014326648,2135.92173913044,3603.58208955225,6487.27272727271,5732.32067510548,2880,2483.92156862746,10000,1680,10000
"57",1440,8148.06017699119,2876.01328903654,10000,1718.3193277311,1440,2495.69131832798,965.27027027027,3312.00000000001,2387.25,10000,2930.37542662117,10000,1138.86255924171,1484.56233421751,1440,2142.02201834862,1200,3600,10000,2901.96610169491,4012.5283018868,3360,1200,3655.5882352941,2400,2158.42707692308,1028.98617511521,10000,1776.61016949153,10000,1416.60759493671,1875.98853868195,2291.92546583852,3882.53731343284,7000.51948051944,6164.05063291139,2930.37542662117,2624.70588235295,10000,1680,10000
"58",1475.83333333333,9236.81415929208,2890.56478405316,10000,1838.99159663867,1440,2634.21221864952,1013.78378378378,3374.3157894737,2408.25,10000,3135.56313993177,10000,1200,1618.46153846154,1453.2987012987,2322.20183486238,1235.36231884058,3771.92727272728,10000,3044.94915254237,4268.83018867925,3436.05633802818,1200,3906.17647058823,2482.1451104101,2400,1078.61751152074,10000,1898.30508474577,10000,1440,1920,2400,4126.56716417912,7923.77835497832,6685.56962025316,3135.56313993177,2880,10000,1800,10000
"59",1612.70833333333,10000,3006.37873754152,10000,1920,1579.68911917099,2880,1062.2972972973,3600,2542.875,10000,3360,10000,1223.03317535545,1680,1601.24675324675,2400,1339.42028985507,3965.23636363637,10000,3311.99999999999,4542.79245283019,3600,1295.25179856114,4169.1176470588,2618.04416403786,2420.67692307693,1176.49769585254,10000,1920,10000,1440,1920,2493.54037267081,4328.05970149255,8898.70129870122,7440.3105485232,3360,2893.13725490197,10000,1920,10000
"60",1680,10000,3254.75083056478,10000,1920,1664.24870466321,2895.6270096463,1141.62162162162,3738.94736842107,2715,10000,3483.68600682597,10000,1325.11848341232,1696.23342175067,1675.84415584415,2504.5871559633,1440,4239.27272727273,10000,3364.06779661016,4867.92452830189,3802.81690140846,1398.56115107913,4365.88235294115,2867.88643533124,2553.23076923078,1200,10000,1920,10000,1525.06329113924,2061.96962750717,2627.32919254659,4649.55223880598,10000,8337.02278481012,3483.68600682597,3010.58823529413,10000,1920,10000
"61",1683.4375,10000,3360,10000,1987.45882352943,1680,3014.66237942123,1200,3940.63157894738,2880,10000,3600,10000,1427.2037914692,1810.50397877985,1680,2636.33027522935,1440,4471.85454545455,10000,3600,5193.05660377358,3986.1971830986,1440,4682.6470588235,2884.92113564669,2731.56923076926,1255.02304147466,10000,2090.07627118644,10000,1635.24050632911,2149.25845272207,2880,4971.04477611942,10000,9472.74261603374,3600,3255.68627450983,10000,1920,10000
"62",1795.625,10000,3587.24252491694,10000,2132.19663865546,1759.58549222798,3256.59163987139,1215.67567567567,4211.78947368422,2913.375,10000,3831.80887372017,10000,1440,1920,1777.55844155844,2880,1440,4785.16363636364,10000,3708.20338983049,5597.58490566037,4244.78873239437,1440,4999.41176470585,2978.61198738172,2880,1354.28571428572,10000,2154.70508474576,10000,1680,2346.36103151864,2887.45341614907,5296.71641791047,10000,10000,3831.80887372017,3360,10000,2117.39999999999,10000
"63",1907.8125,10000,3633.48837209302,10000,2244.70588235296,1871.19170984456,3360,1312.7027027027,4405.89473684213,3062.0625,10000,4005.87030716727,10000,1440,1920,1889.45454545454,2889.90825688073,1540.86956521739,5098.47272727274,10000,3920.13559322033,5843.32075471697,4472.95774647888,1477.98561151078,5328.23529411761,3203.28075709781,2915.44615384616,1440,10000,2373.5593220339,10000,1710.98734177215,2400,2983.04347826087,5662.68656716419,10000,10000,4005.87030716727,3578.82352941179,10000,2160,10000
"64",1920,10000,3879.86710963455,10000,2400,1920,3570.67524115757,1409.72972972973,4708.21052631582,3312,10000,4249.96587030718,10000,1511.27962085308,1920,1920,2987.33944954128,1639.80676328503,5455.7090909091,10000,4172.33898305083,6336.90566037734,4776.33802816902,1607.86570743405,5675.29411764704,3360,3065.16923076925,1440,10000,2400,10000,1820.05063291139,2500.05730659027,3204.96894409938,5935.52238805972,10000,10000,4249.96587030718,3620.39215686277,10000,2399.99999999999,10000
"65",1920,10000,4085.98006644518,10000,2443.69747899161,1920,3607.71704180066,1440,5010.5263157895,3360,10000,4473.99317406147,10000,1623.69668246446,2096.97931034484,1920,3206.60550458715,1680,5736.72727272728,10000,4344.406779661,6747.16981132074,5079.71830985916,1676.73860911271,5949.70588235291,3506.87697160886,3312.00000000003,1440,10000,2510.16949152542,10000,1920,2623.49570200574,3360,6497.01492537315,10000,10000,4473.99317406147,3870.98039215688,10000,2400,10000
"66",2058.796875,10000,4286.11295681063,10000,2564.36974789917,1995.68704663212,3862.37942122187,1440,5323.78947368425,3600,10000,4768.05460750857,10000,1680,2153.55915119364,2027.15999999999,3360,1707.82608695652,6076.80000000002,10000,4636.47457627117,7466.2067924528,5417.46478873239,1680,6506.47058823526,3600,3360,1535.11520737328,10000,2631.86440677966,10000,1920,2853.86819484243,3500.12422360248,6917.01492537317,10000,10000,4768.05460750857,4063.52941176473,10000,2520,10000
"67",2144.5796875,10000,4538.47176079734,10000,2730.08403361347,2130.75388601036,4041.80064308683,1467.74774774774,5663.43859649125,3639.75,10000,5062.11604095567,10000,1680,2352.25464190983,2137.64883116883,3493.57798165137,1811.88405797102,6591.7090909091,10000,4928.54237288134,8270.66566037733,5710.98591549296,1761.72661870503,6926.47058823522,3810.4731861199,3600,1633.73271889401,10000,2867.11864406779,10000,1920,2880,3600,7685.40000000006,10000,10000,5062.11604095567,4272.54901960786,10000,2640,10000
"68",2297.5,10000,4824.71760797342,10000,2880,2218.44559585492,4259.42122186496,1597.11711711711,5917.47368421056,3874.5,10000,5381.56996587036,10000,1781.8009478673,2400,2257.87012987012,3600,1915.94202898551,7090.03636363639,10000,5220.61016949151,9226.26415094334,5989.85915492957,1865.03597122301,7685.3999999999,3962.27129337542,3627.32307692311,1680,10000,2880,10000,2078.41974683544,2936.90544412608,3795.27950310559,8464.47761194036,10000,10000,5381.56996587036,4506.6666666667,10000,2879.99999999999,10000
"69",2400,10000,5110.9634551495,10000,2903.19327731093,2400,4475.88424437301,1663.24324324324,6439.5789473685,4058.25,10000,5686.82593856658,10000,1883.88625592417,2484.66843501327,2400,3780.55045871559,1920,7889.41381818186,10000,5590.23728813557,10000,6533.23943661971,1920,8450.29411764693,4217.03470031547,3866.2153846154,1689.12442396314,10000,2938.47457627119,10000,2147.7053164557,3115.87392550145,3951.42857142857,9497.61194029859,10000,10000,5686.82593856658,4788.23529411768,10000,2880,10000
"70",2453.125,10000,5436.27906976744,10000,3010.58823529414,2412.43523316062,4752.9260450161,1680,6804.21052631587,4263.75,10000,5944.30034129697,10000,1920,2598.93899204245,2432.72727272727,3942.01834862385,1920,8674.90909090913,10000,5804.74576271185,10000,6953.23943661971,1920,9462.94117647043,4385.86750788647,4037.5384615385,1788.3870967742,10000,3117.96610169491,10000,2308.86075949367,3360,4205.21739130435,10000,10000,10000,5944.30034129697,5069.80392156866,10000,2940,10000
"71",2565.3125,10000,5708.97009966777,10000,3215.46218487398,2524.0414507772,5029.96784565919,1728.91891891891,7481.58877192994,4476.75,10000,6476.72354948814,10000,1920,2786.41909814325,2544.62337662337,4187.52293577981,2032.05072463769,9724.80000000004,10000,6193.62711864404,10000,7685.39999999999,1944.61582733812,10000,4657.66561514199,4251.32307692309,1887.64976958526,10000,3360,10000,2400,3368.25214899716,4358.01242236024,10000,10000,10000,6476.72354948814,5375.16339869285,10000,3119.99999999999,10000
"72",2715,10000,5969.70099667774,10000,3360,2635.64766839378,5316.01286173637,1825.94594594594,8231.25052631589,4746,10000,6824.84641638233,10000,1969.58388625593,2880,2673.03896103895,4331.00917431191,2135.92173913044,10000,10000,6628.88135593219,10000,8410.14084507039,2114.5597122302,10000,4929.46372239751,4447.75384615388,1920,10000,3364.06779661016,10000,2452.55696202532,3600,4625.59006211179,10000,10000,10000,6824.84641638233,5675.29411764708,10000,3359.99999999999,10000
"73",2880,10000,6495.94684385381,10000,3458.15126050423,2854.50777202072,5642.70096463024,1920,9087.15789473697,5015.25,10000,7487.15358361786,10000,2121.74075829384,2910.87533156499,2880,4594.49541284402,2232.46376811595,10000,10000,7121.89830508471,10000,9364.78873239432,2153.46187050359,10000,5201.26182965303,4712.86153846157,1920,10000,3600,10000,2561.62025316456,3622.00573065906,4893.16770186334,10000,10000,10000,7487.15358361786,5914.5098039216,10000,3360,10000
"74",2890.9375,10000,6844.38538205979,10000,3600,2880,5861.09324758845,1920,10000,5286,10000,8216.99112627996,10000,2157.98104265403,3024.03183023874,2880.15584415584,4857.98165137613,2400,10000,10000,7877.18237288133,10000,10000,2329.78417266185,10000,5537.41324921141,4977.96923076927,1961.84516129034,10000,3610.84745762711,10000,2701.3670886076,3854.441260745,5160.7453416149,10000,10000,10000,8216.99112627996,6392.15686274516,10000,3599.99999999999,10000
"75",2961.09375,10000,7492.42259136212,10000,3700.84033613448,2925.23316062176,6276.27009646308,1920,10000,5622.5,10000,9043.8225255974,10000,2352.79620853081,3220.58355437667,2936.10389610389,5121.46788990824,2404.34782608696,10000,10000,8595.25423728808,10000,10000,2400,10000,5749.90536277605,5243.07692307696,2119.06866359447,10000,3847.11864406779,10000,2880,3995.75931232095,5477.76397515526,10000,10000,10000,9043.8225255974,6717.64705882356,10000,3600,10000
"76",3132.5,10000,8203.48970099667,10000,3891.0924369748,3063.10880829015,6655.17684887463,2008.91891891891,10000,5823,10000,10000,10000,2400,3360,3096.15584415583,5419.93883792047,2508.40579710145,10000,10000,9549.55932203383,10000,10000,2451.5107913669,10000,6033.3123028392,5584.2461538462,2154.3069124424,10000,3977.62711864406,10000,2884.40506329114,4221.31805157595,5717.26708074533,10000,10000,10000,10000,7305.75163398702,10000,3839.99999999999,10000
"77",3356.875,10000,9002.7906976744,10000,4063.52941176474,3267.35751295336,7144.43729903543,2128.43378378378,10000,6184.5,10000,10000,10000,2460.56872037915,3437.66578249338,3311.99999999999,5685.62691131498,2612.46376811595,10000,10000,10000,10000,10000,2554.82014388488,10000,6528.45425867512,5773.29230769235,2326.45161290324,10000,4210.50847457627,10000,2938.93670886076,4369.51289398284,5963.47826086955,10000,10000,10000,10000,8033.27320261447,10000,3959.99999999999,10000
"78",3360,10000,10000,10000,4252.43697478993,3360,7868.52990353707,2176.2162162162,10000,6601.5,10000,10000,10000,2562.65402843602,3600,3360,5911.92660550457,2793.04347826088,10000,10000,10000,10000,10000,2676.25899280574,10000,6880.50473186129,6076.80000000008,2400,10000,4344.40677966101,10000,3100.40506329115,4616.38968481379,6462.11180124221,10000,10000,10000,10000,8767.05882352952,10000,4199.99999999999,10000
"79",3565.625,10000,10000,10000,4426.21848739499,3473.78238341968,8538.90675241168,2370.27027027026,10000,7021.5,10000,10000,10000,2689.47867298579,3654.7480106101,3519.5844155844,6350.82568807337,2880,10000,10000,10000,10000,10000,2880,10000,7502.16277602537,6543.50769230773,2441.75115207374,10000,4587.79661016948,10000,3312.00000000001,4863.26647564474,6757.26708074531,10000,10000,10000,10000,9721.04575163412,10000,4319.99999999999,10000
"80",3600,10000,10000,10000,4667.56302521012,3600,9425.5948553056,2400,10000,7685.40000000001,10000,10000,10000,2880,3861.64456233423,3600,6678.89908256879,2902.31884057971,10000,10000,10000,10000,10000,2880,10000,8178.53123028403,6897.23076923085,2541.0138248848,10000,4831.18644067795,10000,3360,5110.14326647569,7324.61614906828,10000,10000,10000,10000,10000,10000,4559.99999999999,10000
"81",3774.375,10000,10000,10000,4908.90756302524,3680.207253886,10000,2459.18918918918,10000,8329.17250000001,10000,10000,10000,2880,3991.83023872681,3727.16883116882,7164.77064220181,2983.04347826088,10000,10000,10000,10000,10000,2924.02877697841,10000,8926.94006309163,7506.67323076935,2640.55299539173,10000,5074.57627118643,10000,3508.25316455697,5382.69340974218,8017.16024844717,10000,10000,10000,10000,10000,10000,4799.99999999999,10000
"82",3919.375,10000,10000,10000,5150.25210084037,3871.70984455958,10000,2556.21621621621,10000,9115.50000000001,10000,10000,10000,2925.49763033176,4210.18567639258,3895.48051948051,7860.72415902139,3145.50724637683,10000,10000,10000,10000,10000,3047.05035971222,10000,9880.63091482669,8166.97353846164,2839.07834101385,10000,5330.62146892653,10000,3600,5655.93123209172,8704.09937888194,10000,10000,10000,10000,10000,10000,5039.99999999999,10000
"83",4103.125,10000,10000,10000,5428.79551820733,4006.63212435232,10000,2666.48648648647,10000,10000,10000,10000,10000,3049.62085308058,4328.91246684352,4054.75324675323,8488.07339449537,3353.62318840581,10000,10000,10000,10000,10000,3229.35251798559,10000,10000,8891.81538461552,2880,10000,5627.57062146892,10000,3704.50632911394,5850.77363896853,9592.79503105583,10000,10000,10000,10000,10000,10000,5279.99999999999,10000
"84",4263.75,10000,10000,10000,5675.29411764708,4214.92227979274,10000,2860.54054054052,10000,10000,10000,10000,10000,3230.33175355451,4557.45358090188,4239.27272727272,9313.76146788986,3360,10000,10000,10000,10000,10000,3360,10000,10000,9813.16923076939,2909.03225806452,10000,5804.74576271185,10000,3881.31645569621,6195.30085959895,10000,10000,10000,10000,10000,10000,10000,5599.99999999999,10000
"85",4431.875,10000,10000,10000,5874.28571428575,4333.05699481864,10000,2880,10000,10000,10000,10000,10000,3360,4785.99469496023,4382.33766233765,10000,3529.85507246378,10000,10000,10000,10000,10000,3402.58992805753,10000,10000,10000,2995.99078341015,10000,6096.27118644064,10000,4020.7594936709,6584.52722063042,10000,10000,10000,10000,10000,10000,10000,5759.99999999999,10000
"86",4656.25,10000,10000,10000,6231.26050420175,4556.2694300518,10000,2912.16216216216,10000,10000,10000,10000,10000,3398.672985782,5014.53580901858,4606.12987012985,10000,3600,10000,10000,10000,10000,10000,3600,10000,10000,10000,3153.17972350233,10000,6531.52542372879,10000,4219.44303797469,6942.80802292273,10000,10000,10000,10000,10000,10000,10000,5999.99999999999,10000
"87",4880.625,10000,10000,10000,6596.974789916,4779.48186528496,10000,3002.02702702701,10000,10000,10000,10000,10000,3600,5243.07692307694,4829.92207792206,10000,3706.08695652176,10000,10000,10000,10000,10000,3600,10000,10000,10000,3351.70506912445,10000,6829.83050847454,10000,4337.01265822786,7518.96389684828,10000,10000,10000,10000,10000,10000,10000,6479.99999999997,10000
"88",5105,10000,10000,10000,6956.63865546226,5002.69430051812,10000,3156.75675675674,10000,10000,10000,10000,10000,3600,5535.4907161804,5053.71428571427,10000,3877.10144927537,10000,10000,10000,10000,10000,3782.44604316545,10000,10000,10000,3360,10000,7357.22937853102,10000,4555.13924050634,8135.47965616058,10000,10000,10000,10000,10000,10000,10000,6719.99999999999,10000
"89",5345.83333333333,10000,10000,10000,7522.69355742308,5225.90673575128,10000,3350.81081081079,10000,10000,10000,10000,10000,3771.18483412323,5720.10610079577,5277.50649350648,10000,4002.31884057973,10000,10000,10000,10000,10000,3914.53237410071,10000,10000,10000,3508.75576036869,10000,7989.30395480222,10000,4773.26582278483,8796.10315186262,10000,10000,10000,10000,10000,10000,10000,7199.99999999997,10000
"90",5622.5,10000,10000,10000,8125.92268907572,5505.49222797925,10000,3360,10000,10000,10000,10000,10000,3907.67772511849,5928.70026525201,5575.06493506491,10000,4205.21739130436,10000,10000,10000,10000,10000,4075.68345323739,10000,10000,10000,3600,10000,8595.25423728807,10000,4991.39240506331,9629.34097421223,10000,10000,10000,10000,10000,10000,10000,7847.19999999998,10000
"91",5778.125,10000,10000,10000,8767.05882352953,5701.55440414507,10000,3498.9189189189,10000,10000,10000,10000,10000,4059.52606635072,6314.48275862073,5736.72727272726,10000,4309.27536231885,10000,10000,10000,10000,10000,4241.15107913668,10000,10000,10000,3665.80645161293,10000,9371.0734463276,10000,5209.51898734179,10000,10000,10000,10000,10000,10000,10000,10000,8399.99999999997,10000
"92",6005,10000,10000,10000,9573.55742296933,5895.54404145076,10000,3600,10000,10000,10000,10000,10000,4231.84834123223,6625.78249336872,5948.8831168831,10000,4506.66666666669,10000,10000,10000,10000,10000,4368.92086330933,10000,10000,10000,3852.16589861752,10000,10000,10000,5476.86075949369,10000,10000,10000,10000,10000,10000,10000,10000,9119.99999999996,10000
"93",6453.75,10000,10000,10000,10000,6237.51295336784,10000,3647.027027027,10000,10000,10000,10000,10000,4347.86729857821,6988.64721485415,6345.35064935062,10000,4714.78260869567,10000,10000,10000,10000,10000,4575.5395683453,10000,10000,10000,3951.42857142858,10000,10000,10000,5683.84810126583,10000,10000,10000,10000,10000,10000,10000,10000,9999.99999999995,10000
"94",6691.25,10000,10000,10000,10000,6581.96891191708,10000,3840.54054054053,10000,10000,10000,10000,10000,4552.03791469195,7531.32519893905,6636.46753246752,10000,4922.89855072466,10000,10000,10000,10000,10000,4782.15827338127,10000,10000,10000,4141.38248847929,10000,10000,10000,5863.89873417723,10000,10000,10000,10000,10000,10000,10000,10000,10000,10000
"95",7111.25,10000,10000,10000,10000,6890.36269430048,10000,3937.56756756756,10000,10000,10000,10000,10000,4756.2085308057,8103.80477453586,7000.51948051945,10000,5131.01449275365,10000,10000,10000,10000,10000,4988.77697841725,10000,10000,10000,4269.9539170507,10000,10000,10000,6164.05063291143,10000,10000,10000,10000,10000,10000,10000,10000,10000,10000
"96",7685.40000000002,10000,10000,10000,10000,7384.43523316057,10000,4109.18918918917,10000,10000,10000,10000,10000,4960.37914691944,8699.84084880643,7534.52675324671,10000,5358.84057971018,10000,10000,10000,10000,10000,5195.39568345322,10000,10000,10000,4418.43317972353,10000,10000,10000,6540.1518987342,10000,10000,10000,10000,10000,10000,10000,10000,10000,10000
"97",8225.81041666667,10000,10000,10000,10000,7966.06632124348,10000,4251.62162162161,10000,10000,10000,10000,10000,5164.54976303318,9444.45623342182,8095.601038961,10000,5618.16425120775,10000,10000,10000,10000,10000,5442.68585131891,10000,10000,10000,4616.95852534565,10000,10000,10000,6796.55696202535,10000,10000,10000,10000,10000,10000,10000,10000,10000,10000
"98",8846.25,10000,10000,10000,10000,8504.45595854915,10000,4377.29729729727,10000,10000,10000,10000,10000,5398.29383886257,10000,8674.90909090903,10000,5756.9082125604,10000,10000,10000,10000,10000,5659.08872901677,10000,10000,10000,4815.48387096777,10000,10000,10000,7244.23898734183,10000,10000,10000,10000,10000,10000,10000,10000,10000,10000
"99",9608.125,10000,10000,10000,10000,9186.11398963722,10000,4571.35135135132,10000,10000,10000,10000,10000,5635.26066350712,10000,9396.57142857135,10000,5963.47826086959,10000,10000,10000,10000,10000,5815.25179856113,10000,10000,10000,5014.00921658989,10000,10000,10000,7832.45367088614,10000,10000,10000,10000,10000,10000,10000,10000,10000,10000
"100",10000,10000,10000,10000,10000,10000,10000,4765.40540540538,10000,10000,10000,10000,10000,5777.06161137442,10000,10000,10000,6343.18840579715,10000,10000,10000,10000,10000,6043.7410071942,10000,10000,10000,5212.53456221201,10000,10000,10000,8337.02278481018,10000,10000,10000,10000,10000,10000,10000,10000,10000,10000
